{
  "table_of_contents": [
    {
      "title": "XIV",
      "heading_level": null,
      "page_id": 0,
      "polygon": [
        [
          192.12301635742188,
          57.41949462890625
        ],
        [
          223.06640625,
          57.41949462890625
        ],
        [
          223.06640625,
          73.30950927734375
        ],
        [
          192.12301635742188,
          73.30950927734375
        ]
      ]
    },
    {
      "title": "List of the Particularly Vulnerable\nTribal Groups (PVTGs)\n(Earlier Called as Primitive Tribal Groups)\nState / UT wise",
      "heading_level": null,
      "page_id": 0,
      "polygon": [
        [
          68.572265625,
          96.85498046875
        ],
        [
          342.21875,
          96.85498046875
        ],
        [
          342.21875,
          165.84707641601562
        ],
        [
          68.572265625,
          165.84707641601562
        ]
      ]
    },
    {
      "title": "580 TRIBAL INDIA",
      "heading_level": null,
      "page_id": 2,
      "polygon": [
        [
          57.37699890136719,
          42.2913818359375
        ],
        [
          149.12359619140625,
          42.2913818359375
        ],
        [
          149.12359619140625,
          53.5528564453125
        ],
        [
          57.37699890136719,
          53.5528564453125
        ]
      ]
    }
  ],
  "page_stats": [
    {
      "page_id": 0,
      "text_extraction_method": "pdftext",
      "block_counts": [
        [
          "Span",
          63
        ],
        [
          "TableCell",
          51
        ],
        [
          "Line",
          31
        ],
        [
          "SectionHeader",
          2
        ],
        [
          "Table",
          1
        ],
        [
          "PageHeader",
          1
        ]
      ],
      "block_metadata": {
        "llm_request_count": 0,
        "llm_error_count": 0,
        "llm_tokens_used": 0,
        "previous_text": "",
        "previous_type": "",
        "previous_order": 0
      }
    },
    {
      "page_id": 1,
      "text_extraction_method": "pdftext",
      "block_counts": [
        [
          "TableCell",
          129
        ],
        [
          "Span",
          81
        ],
        [
          "Line",
          39
        ],
        [
          "Table",
          1
        ]
      ],
      "block_metadata": {
        "llm_request_count": 0,
        "llm_error_count": 0,
        "llm_tokens_used": 0,
        "previous_text": "",
        "previous_type": "",
        "previous_order": 0
      }
    },
    {
      "page_id": 2,
      "text_extraction_method": "pdftext",
      "block_counts": [
        [
          "Span",
          65
        ],
        [
          "Line",
          32
        ],
        [
          "TableCell",
          32
        ],
        [
          "SectionHeader",
          1
        ],
        [
          "Table",
          1
        ],
        [
          "ListItem",
          1
        ],
        [
          "Text",
          1
        ]
      ],
      "block_metadata": {
        "llm_request_count": 0,
        "llm_error_count": 0,
        "llm_tokens_used": 0,
        "previous_text": "",
        "previous_type": "",
        "previous_order": 0
      }
    }
  ],
  "debug_data_path": "debug_data/a9206025"
}