{
  "table_of_contents": [
    {
      "title": "Secularism: The Search \nfor a Theory",
      "heading_level": null,
      "page_id": 0,
      "polygon": [
        [
          76.32470703125,
          141.65185546875
        ],
        [
          372.7670707702637,
          141.65185546875
        ],
        [
          372.7670707702637,
          199.96044921875
        ],
        [
          76.32470703125,
          199.96044921875
        ]
      ]
    },
    {
      "title": "442 \u273d CHAPTER 24",
      "heading_level": null,
      "page_id": 1,
      "polygon": [
        [
          47.7822265625,
          35.016845703125
        ],
        [
          149.9814109802246,
          35.016845703125
        ],
        [
          149.9814109802246,
          46.61049842834473
        ],
        [
          47.7822265625,
          46.61049842834473
        ]
      ]
    },
    {
      "title": "Notes and References",
      "heading_level": null,
      "page_id": 6,
      "polygon": [
        [
          155.08120346069336,
          503.1767063140869
        ],
        [
          292.5172233581543,
          503.1767063140869
        ],
        [
          292.5172233581543,
          516.1767063140869
        ],
        [
          155.08120346069336,
          516.1767063140869
        ]
      ]
    }
  ],
  "page_stats": [
    {
      "page_id": 0,
      "text_extraction_method": "pdftext",
      "block_counts": [
        [
          "Span",
          59
        ],
        [
          "Line",
          33
        ],
        [
          "Text",
          2
        ],
        [
          "Handwriting",
          1
        ],
        [
          "SectionHeader",
          1
        ]
      ],
      "block_metadata": {
        "llm_request_count": 0,
        "llm_error_count": 0,
        "llm_tokens_used": 0,
        "previous_text": "",
        "previous_type": "",
        "previous_order": 0
      }
    },
    {
      "page_id": 1,
      "text_extraction_method": "pdftext",
      "block_counts": [
        [
          "Span",
          103
        ],
        [
          "Line",
          45
        ],
        [
          "Text",
          4
        ],
        [
          "ListItem",
          4
        ],
        [
          "SectionHeader",
          1
        ],
        [
          "ListGroup",
          1
        ]
      ],
      "block_metadata": {
        "llm_request_count": 0,
        "llm_error_count": 0,
        "llm_tokens_used": 0,
        "previous_text": "",
        "previous_type": "",
        "previous_order": 0
      }
    },
    {
      "page_id": 2,
      "text_extraction_method": "pdftext",
      "block_counts": [
        [
          "Span",
          93
        ],
        [
          "Line",
          46
        ],
        [
          "Text",
          5
        ],
        [
          "PageHeader",
          1
        ]
      ],
      "block_metadata": {
        "llm_request_count": 0,
        "llm_error_count": 0,
        "llm_tokens_used": 0,
        "previous_text": "",
        "previous_type": "",
        "previous_order": 0
      }
    },
    {
      "page_id": 3,
      "text_extraction_method": "pdftext",
      "block_counts": [
        [
          "Span",
          89
        ],
        [
          "Line",
          46
        ],
        [
          "Text",
          4
        ],
        [
          "PageHeader",
          1
        ]
      ],
      "block_metadata": {
        "llm_request_count": 0,
        "llm_error_count": 0,
        "llm_tokens_used": 0,
        "previous_text": "",
        "previous_type": "",
        "previous_order": 0
      }
    },
    {
      "page_id": 4,
      "text_extraction_method": "pdftext",
      "block_counts": [
        [
          "Span",
          95
        ],
        [
          "Line",
          45
        ],
        [
          "Text",
          7
        ],
        [
          "ListItem",
          2
        ],
        [
          "PageHeader",
          1
        ],
        [
          "ListGroup",
          1
        ]
      ],
      "block_metadata": {
        "llm_request_count": 0,
        "llm_error_count": 0,
        "llm_tokens_used": 0,
        "previous_text": "",
        "previous_type": "",
        "previous_order": 0
      }
    },
    {
      "page_id": 5,
      "text_extraction_method": "pdftext",
      "block_counts": [
        [
          "Span",
          104
        ],
        [
          "Line",
          46
        ],
        [
          "Text",
          3
        ],
        [
          "PageHeader",
          1
        ]
      ],
      "block_metadata": {
        "llm_request_count": 0,
        "llm_error_count": 0,
        "llm_tokens_used": 0,
        "previous_text": "",
        "previous_type": "",
        "previous_order": 0
      }
    },
    {
      "page_id": 6,
      "text_extraction_method": "pdftext",
      "block_counts": [
        [
          "Span",
          101
        ],
        [
          "Line",
          43
        ],
        [
          "Text",
          3
        ],
        [
          "ListItem",
          3
        ],
        [
          "PageHeader",
          1
        ],
        [
          "SectionHeader",
          1
        ],
        [
          "ListGroup",
          1
        ]
      ],
      "block_metadata": {
        "llm_request_count": 0,
        "llm_error_count": 0,
        "llm_tokens_used": 0,
        "previous_text": "",
        "previous_type": "",
        "previous_order": 0
      }
    }
  ],
  "debug_data_path": "debug_data/a79b58be"
}