{
  "table_of_contents": [
    {
      "title": "Bermudan Options",
      "heading_level": null,
      "page_id": 0,
      "polygon": [
        [
          74.1873417721519,
          71.4698486328125
        ],
        [
          227.80759493670885,
          71.4698486328125
        ],
        [
          227.80759493670885,
          88.3133544921875
        ],
        [
          74.1873417721519,
          88.3133544921875
        ]
      ]
    },
    {
      "title": "References",
      "heading_level": null,
      "page_id": 2,
      "polygon": [
        [
          74.9367088607595,
          341.02385685884695
        ],
        [
          128.89113924050633,
          341.02385685884695
        ],
        [
          128.89113924050633,
          351.5966796875
        ],
        [
          74.9367088607595,
          351.5966796875
        ]
      ]
    },
    {
      "title": "Related Articles",
      "heading_level": null,
      "page_id": 2,
      "polygon": [
        [
          301.24556962025315,
          320.03777335984097
        ],
        [
          382.4296875,
          320.03777335984097
        ],
        [
          382.4296875,
          330.2431640625
        ],
        [
          301.24556962025315,
          330.2431640625
        ]
      ]
    }
  ],
  "page_stats": [
    {
      "page_id": 0,
      "text_extraction_method": "surya",
      "block_counts": [
        [
          "Span",
          119
        ],
        [
          "Line",
          82
        ],
        [
          "TextInlineMath",
          5
        ],
        [
          "Text",
          4
        ],
        [
          "Equation",
          4
        ],
        [
          "SectionHeader",
          1
        ]
      ],
      "block_metadata": {
        "llm_request_count": 0,
        "llm_error_count": 0,
        "llm_tokens_used": 0,
        "previous_text": "",
        "previous_type": "",
        "previous_order": 0
      }
    },
    {
      "page_id": 1,
      "text_extraction_method": "surya",
      "block_counts": [
        [
          "Span",
          144
        ],
        [
          "Line",
          77
        ],
        [
          "TextInlineMath",
          6
        ],
        [
          "Text",
          4
        ],
        [
          "Equation",
          4
        ],
        [
          "PageHeader",
          1
        ]
      ],
      "block_metadata": {
        "llm_request_count": 0,
        "llm_error_count": 0,
        "llm_tokens_used": 0,
        "previous_text": "",
        "previous_type": "",
        "previous_order": 0
      }
    },
    {
      "page_id": 2,
      "text_extraction_method": "surya",
      "block_counts": [
        [
          "Span",
          69
        ],
        [
          "Line",
          59
        ],
        [
          "ListItem",
          8
        ],
        [
          "Text",
          5
        ],
        [
          "SectionHeader",
          2
        ],
        [
          "PageHeader",
          1
        ],
        [
          "ListGroup",
          1
        ]
      ],
      "block_metadata": {
        "llm_request_count": 0,
        "llm_error_count": 0,
        "llm_tokens_used": 0,
        "previous_text": "",
        "previous_type": "",
        "previous_order": 0
      }
    }
  ],
  "debug_data_path": "debug_data/AxPf43SwGX8-MfOhDWkCzw"
}