{
  "table_of_contents": [
    {
      "title": "Treynor, Lawrence Jack",
      "heading_level": null,
      "page_id": 0,
      "polygon": [
        [
          75.517578125,
          70.9412841796875
        ],
        [
          268.828125,
          70.9412841796875
        ],
        [
          268.828125,
          89.12310791015625
        ],
        [
          75.517578125,
          89.12310791015625
        ]
      ]
    },
    {
      "title": "Further Reading",
      "heading_level": null,
      "page_id": 1,
      "polygon": [
        [
          306.8399963378906,
          420.0736389160156
        ],
        [
          388.4118347167969,
          420.0736389160156
        ],
        [
          388.4118347167969,
          431.2816162109375
        ],
        [
          306.8399963378906,
          431.2816162109375
        ]
      ]
    },
    {
      "title": "Related Articles",
      "heading_level": null,
      "page_id": 2,
      "polygon": [
        [
          302.359375,
          167.95361328125
        ],
        [
          380.9158630371094,
          167.95361328125
        ],
        [
          380.9158630371094,
          179.16162109375
        ],
        [
          302.359375,
          179.16162109375
        ]
      ]
    }
  ],
  "page_stats": [
    {
      "page_id": 0,
      "text_extraction_method": "pdftext",
      "block_counts": [
        [
          "Span",
          241
        ],
        [
          "Line",
          98
        ],
        [
          "Text",
          9
        ],
        [
          "SectionHeader",
          1
        ]
      ],
      "block_metadata": {
        "llm_request_count": 0,
        "llm_error_count": 0,
        "llm_tokens_used": 0,
        "previous_text": "",
        "previous_type": "",
        "previous_order": 0
      }
    },
    {
      "page_id": 1,
      "text_extraction_method": "pdftext",
      "block_counts": [
        [
          "Span",
          238
        ],
        [
          "Line",
          100
        ],
        [
          "ListItem",
          8
        ],
        [
          "Text",
          7
        ],
        [
          "PageHeader",
          1
        ],
        [
          "Equation",
          1
        ],
        [
          "SectionHeader",
          1
        ],
        [
          "ListGroup",
          1
        ]
      ],
      "block_metadata": {
        "llm_request_count": 0,
        "llm_error_count": 0,
        "llm_tokens_used": 0,
        "previous_text": "",
        "previous_type": "",
        "previous_order": 0
      }
    },
    {
      "page_id": 2,
      "text_extraction_method": "pdftext",
      "block_counts": [
        [
          "Span",
          126
        ],
        [
          "Line",
          32
        ],
        [
          "ListItem",
          12
        ],
        [
          "Text",
          2
        ],
        [
          "ListGroup",
          2
        ],
        [
          "PageHeader",
          1
        ],
        [
          "SectionHeader",
          1
        ]
      ],
      "block_metadata": {
        "llm_request_count": 0,
        "llm_error_count": 0,
        "llm_tokens_used": 0,
        "previous_text": "",
        "previous_type": "",
        "previous_order": 0
      }
    }
  ],
  "debug_data_path": "debug_data/le1qA56pAs5YIO7yYfXo-Q"
}