{
  "table_of_contents": [
    {
      "title": "Free Lunch",
      "heading_level": null,
      "page_id": 0,
      "polygon": [
        [
          73.4379746835443,
          70.45328031809146
        ],
        [
          169.35696202531645,
          70.45328031809146
        ],
        [
          169.35696202531645,
          88.6815185546875
        ],
        [
          73.4379746835443,
          88.6815185546875
        ]
      ]
    },
    {
      "title": "End Notes",
      "heading_level": null,
      "page_id": 1,
      "polygon": [
        [
          77.93417721518988,
          595.8548707753479
        ],
        [
          130.38987341772153,
          595.8548707753479
        ],
        [
          130.38987341772153,
          606.734375
        ],
        [
          77.93417721518988,
          606.734375
        ]
      ]
    },
    {
      "title": "References",
      "heading_level": null,
      "page_id": 1,
      "polygon": [
        [
          305.7417721518987,
          258.0830078125
        ],
        [
          359.015625,
          258.0830078125
        ],
        [
          359.015625,
          268.3916015625
        ],
        [
          305.7417721518987,
          268.3916015625
        ]
      ]
    }
  ],
  "page_stats": [
    {
      "page_id": 0,
      "text_extraction_method": "surya",
      "block_counts": [
        [
          "Span",
          120
        ],
        [
          "Line",
          97
        ],
        [
          "Text",
          7
        ],
        [
          "SectionHeader",
          1
        ],
        [
          "TextInlineMath",
          1
        ]
      ],
      "block_metadata": {
        "llm_request_count": 0,
        "llm_error_count": 0,
        "llm_tokens_used": 0,
        "previous_text": "",
        "previous_type": "",
        "previous_order": 0
      }
    },
    {
      "page_id": 1,
      "text_extraction_method": "surya",
      "block_counts": [
        [
          "Span",
          120
        ],
        [
          "Line",
          96
        ],
        [
          "Text",
          9
        ],
        [
          "ListItem",
          8
        ],
        [
          "SectionHeader",
          2
        ],
        [
          "PageHeader",
          1
        ],
        [
          "ListGroup",
          1
        ]
      ],
      "block_metadata": {
        "llm_request_count": 0,
        "llm_error_count": 0,
        "llm_tokens_used": 0,
        "previous_text": "",
        "previous_type": "",
        "previous_order": 0
      }
    }
  ],
  "debug_data_path": "debug_data/RjzQCNkw5WmmmQWqjCcb8w"
}