{
  "table_of_contents": [
    {
      "title": "PERSPECTIVES ON TRIBA\nINDIA:\nApproaches to Tribal Problems",
      "heading_level": null,
      "page_id": 0,
      "polygon": [
        [
          38.326653306613224,
          138.7607421875
        ],
        [
          312.3779296875,
          136.55652173913043
        ],
        [
          312.3779296875,
          211.58757763975154
        ],
        [
          38.326653306613224,
          213.08819875776396
        ]
      ]
    },
    {
      "title": "210_TRIBAL INDIA",
      "heading_level": null,
      "page_id": 3,
      "polygon": [
        [
          53.5458984375,
          36.50433349609375
        ],
        [
          147.16015625,
          36.50433349609375
        ],
        [
          147.16015625,
          50.36944580078125
        ],
        [
          53.5458984375,
          50.36944580078125
        ]
      ]
    },
    {
      "title": "212_TRIBAL INDIA",
      "heading_level": null,
      "page_id": 5,
      "polygon": [
        [
          54.365478515625,
          34.3751220703125
        ],
        [
          147.979736328125,
          34.3751220703125
        ],
        [
          147.979736328125,
          47.5821533203125
        ],
        [
          54.365478515625,
          47.5821533203125
        ]
      ]
    }
  ],
  "page_stats": [
    {
      "page_id": 0,
      "text_extraction_method": "surya",
      "block_counts": [
        [
          "Line",
          5
        ],
        [
          "Span",
          5
        ],
        [
          "Text",
          2
        ],
        [
          "SectionHeader",
          1
        ],
        [
          "Picture",
          1
        ]
      ],
      "block_metadata": {
        "llm_request_count": 0,
        "llm_error_count": 0,
        "llm_tokens_used": 0,
        "previous_text": "",
        "previous_type": "",
        "previous_order": 0
      }
    },
    {
      "page_id": 1,
      "text_extraction_method": "pdftext",
      "block_counts": [
        [
          "Span",
          71
        ],
        [
          "Line",
          34
        ],
        [
          "ListItem",
          3
        ],
        [
          "Text",
          2
        ],
        [
          "PageHeader",
          1
        ],
        [
          "ListGroup",
          1
        ]
      ],
      "block_metadata": {
        "llm_request_count": 0,
        "llm_error_count": 0,
        "llm_tokens_used": 0,
        "previous_text": "",
        "previous_type": "",
        "previous_order": 0
      }
    },
    {
      "page_id": 2,
      "text_extraction_method": "pdftext",
      "block_counts": [
        [
          "Span",
          82
        ],
        [
          "Line",
          42
        ],
        [
          "ListItem",
          5
        ],
        [
          "PageHeader",
          1
        ],
        [
          "Text",
          1
        ],
        [
          "ListGroup",
          1
        ]
      ],
      "block_metadata": {
        "llm_request_count": 0,
        "llm_error_count": 0,
        "llm_tokens_used": 0,
        "previous_text": "",
        "previous_type": "",
        "previous_order": 0
      }
    },
    {
      "page_id": 3,
      "text_extraction_method": "pdftext",
      "block_counts": [
        [
          "Span",
          85
        ],
        [
          "Line",
          43
        ],
        [
          "Text",
          3
        ],
        [
          "SectionHeader",
          1
        ]
      ],
      "block_metadata": {
        "llm_request_count": 0,
        "llm_error_count": 0,
        "llm_tokens_used": 0,
        "previous_text": "",
        "previous_type": "",
        "previous_order": 0
      }
    },
    {
      "page_id": 4,
      "text_extraction_method": "pdftext",
      "block_counts": [
        [
          "Span",
          79
        ],
        [
          "Line",
          40
        ],
        [
          "Text",
          5
        ],
        [
          "ListItem",
          2
        ],
        [
          "PageHeader",
          1
        ],
        [
          "ListGroup",
          1
        ]
      ],
      "block_metadata": {
        "llm_request_count": 0,
        "llm_error_count": 0,
        "llm_tokens_used": 0,
        "previous_text": "",
        "previous_type": "",
        "previous_order": 0
      }
    },
    {
      "page_id": 5,
      "text_extraction_method": "pdftext",
      "block_counts": [
        [
          "Span",
          84
        ],
        [
          "Line",
          43
        ],
        [
          "Text",
          4
        ],
        [
          "SectionHeader",
          1
        ],
        [
          "Picture",
          1
        ]
      ],
      "block_metadata": {
        "llm_request_count": 0,
        "llm_error_count": 0,
        "llm_tokens_used": 0,
        "previous_text": "",
        "previous_type": "",
        "previous_order": 0
      }
    }
  ],
  "debug_data_path": "debug_data/370b86fb"
}