{
  "table_of_contents": [
    {
      "title": "GMRT TO PLAY KEY ROLE",
      "heading_level": null,
      "page_id": 0,
      "polygon": [
        [
          113.5235595703125,
          0.7901458740234375
        ],
        [
          315.22216796875,
          0.7901458740234375
        ],
        [
          315.22216796875,
          20.89068603515625
        ],
        [
          113.5235595703125,
          20.89068603515625
        ]
      ]
    },
    {
      "title": "Another eye in sky, on\nground: India is now\npart of world's largest\nradio telescope project",
      "heading_level": null,
      "page_id": 0,
      "polygon": [
        [
          110.90680100755668,
          30.937744140625
        ],
        [
          474.43115234375,
          30.937744140625
        ],
        [
          474.43115234375,
          208.547119140625
        ],
        [
          110.90680100755668,
          208.547119140625
        ]
      ]
    },
    {
      "title": "ANJALI MARAR",
      "heading_level": null,
      "page_id": 0,
      "polygon": [
        [
          113.90428211586902,
          325.82275390625
        ],
        [
          230.6787109375,
          325.82275390625
        ],
        [
          230.6787109375,
          347.61279296875
        ],
        [
          113.90428211586902,
          347.61279296875
        ]
      ]
    },
    {
      "title": "SCIENCE CONGRESS\nFAILS TO KEEP DATE\nTHIS YEAR\nPAGE 8",
      "heading_level": null,
      "page_id": 0,
      "polygon": [
        [
          301.99622166246854,
          770.462890625
        ],
        [
          474.3513853904282,
          770.462890625
        ],
        [
          474.3513853904282,
          824.732421875
        ],
        [
          301.99622166246854,
          824.732421875
        ]
      ]
    }
  ],
  "page_stats": [
    {
      "page_id": 0,
      "text_extraction_method": "surya",
      "block_counts": [
        [
          "Line",
          62
        ],
        [
          "Span",
          62
        ],
        [
          "Text",
          10
        ],
        [
          "SectionHeader",
          4
        ],
        [
          "Picture",
          1
        ],
        [
          "Caption",
          1
        ],
        [
          "PictureGroup",
          1
        ]
      ],
      "block_metadata": {
        "llm_request_count": 0,
        "llm_error_count": 0,
        "llm_tokens_used": 0,
        "previous_text": "",
        "previous_type": "",
        "previous_order": 0
      }
    }
  ],
  "debug_data_path": "debug_data/d0af1073"
}