{
  "table_of_contents": [
    {
      "title": "Basket Options",
      "heading_level": null,
      "page_id": 0,
      "polygon": [
        [
          73.4379746835443,
          71.95228628230616
        ],
        [
          197.08354430379748,
          71.95228628230616
        ],
        [
          197.08354430379748,
          88.635498046875
        ],
        [
          73.4379746835443,
          88.635498046875
        ]
      ]
    },
    {
      "title": "Further Reading",
      "heading_level": null,
      "page_id": 1,
      "polygon": [
        [
          78.48046875,
          167.5936279296875
        ],
        [
          162.1640625,
          167.5936279296875
        ],
        [
          162.1640625,
          178.8016357421875
        ],
        [
          78.48046875,
          178.8016357421875
        ]
      ]
    },
    {
      "title": "Related Articles",
      "heading_level": null,
      "page_id": 1,
      "polygon": [
        [
          306.40625,
          128.213134765625
        ],
        [
          384.6963806152344,
          128.213134765625
        ],
        [
          384.6963806152344,
          139.441650390625
        ],
        [
          306.40625,
          139.441650390625
        ]
      ]
    }
  ],
  "page_stats": [
    {
      "page_id": 0,
      "text_extraction_method": "surya",
      "block_counts": [
        [
          "Span",
          100
        ],
        [
          "Line",
          71
        ],
        [
          "Text",
          9
        ],
        [
          "Equation",
          4
        ],
        [
          "TextInlineMath",
          3
        ],
        [
          "SectionHeader",
          1
        ]
      ],
      "block_metadata": {
        "llm_request_count": 0,
        "llm_error_count": 0,
        "llm_tokens_used": 0,
        "previous_text": "",
        "previous_type": "",
        "previous_order": 0
      }
    },
    {
      "page_id": 1,
      "text_extraction_method": "pdftext",
      "block_counts": [
        [
          "Span",
          57
        ],
        [
          "Line",
          19
        ],
        [
          "Text",
          6
        ],
        [
          "SectionHeader",
          2
        ],
        [
          "PageHeader",
          1
        ],
        [
          "ListItem",
          1
        ]
      ],
      "block_metadata": {
        "llm_request_count": 0,
        "llm_error_count": 0,
        "llm_tokens_used": 0,
        "previous_text": "",
        "previous_type": "",
        "previous_order": 0
      }
    }
  ],
  "debug_data_path": "debug_data/ATUWyymSV0lGJ-bYb2VNYw"
}