{
  "table_of_contents": [
    {
      "title": "Duffie-Singleton Model",
      "heading_level": null,
      "page_id": 0,
      "polygon": [
        [
          73.4379746835443,
          71.95228628230616
        ],
        [
          263.0278481012658,
          71.95228628230616
        ],
        [
          263.0278481012658,
          87.80712890625
        ],
        [
          73.4379746835443,
          87.80712890625
        ]
      ]
    },
    {
      "title": "References",
      "heading_level": null,
      "page_id": 2,
      "polygon": [
        [
          75.734375,
          432.733642578125
        ],
        [
          128.0771942138672,
          432.733642578125
        ],
        [
          128.0771942138672,
          443.9416198730469
        ],
        [
          75.734375,
          443.9416198730469
        ]
      ]
    },
    {
      "title": "Related Articles",
      "heading_level": null,
      "page_id": 2,
      "polygon": [
        [
          302.359375,
          367.2136535644531
        ],
        [
          380.984375,
          367.2136535644531
        ],
        [
          380.984375,
          378.421630859375
        ],
        [
          302.359375,
          378.421630859375
        ]
      ]
    }
  ],
  "page_stats": [
    {
      "page_id": 0,
      "text_extraction_method": "surya",
      "block_counts": [
        [
          "Span",
          142
        ],
        [
          "Line",
          78
        ],
        [
          "TextInlineMath",
          6
        ],
        [
          "Equation",
          6
        ],
        [
          "Text",
          3
        ],
        [
          "SectionHeader",
          1
        ]
      ],
      "block_metadata": {
        "llm_request_count": 0,
        "llm_error_count": 0,
        "llm_tokens_used": 0,
        "previous_text": "",
        "previous_type": "",
        "previous_order": 0
      }
    },
    {
      "page_id": 1,
      "text_extraction_method": "surya",
      "block_counts": [
        [
          "Span",
          120
        ],
        [
          "Line",
          77
        ],
        [
          "Text",
          8
        ],
        [
          "Equation",
          5
        ],
        [
          "TextInlineMath",
          4
        ],
        [
          "PageHeader",
          1
        ]
      ],
      "block_metadata": {
        "llm_request_count": 0,
        "llm_error_count": 0,
        "llm_tokens_used": 0,
        "previous_text": "",
        "previous_type": "",
        "previous_order": 0
      }
    },
    {
      "page_id": 2,
      "text_extraction_method": "pdftext",
      "block_counts": [
        [
          "Span",
          232
        ],
        [
          "Line",
          71
        ],
        [
          "ListItem",
          11
        ],
        [
          "Text",
          4
        ],
        [
          "SectionHeader",
          2
        ],
        [
          "PageHeader",
          1
        ],
        [
          "TextInlineMath",
          1
        ],
        [
          "ListGroup",
          1
        ]
      ],
      "block_metadata": {
        "llm_request_count": 0,
        "llm_error_count": 0,
        "llm_tokens_used": 0,
        "previous_text": "",
        "previous_type": "",
        "previous_order": 0
      }
    }
  ],
  "debug_data_path": "debug_data/ZgaSKB_5Tvr04VecD9q9hA"
}