{
  "table_of_contents": [
    {
      "title": "",
      "heading_level": null,
      "page_id": 0,
      "polygon": [
        [
          115.33935546875,
          0.017665863037109375
        ],
        [
          425.9130859375,
          0.017665863037109375
        ],
        [
          425.9130859375,
          4.2590789794921875
        ],
        [
          115.33935546875,
          4.2590789794921875
        ]
      ]
    },
    {
      "title": "The revival of the tiger",
      "heading_level": null,
      "page_id": 0,
      "polygon": [
        [
          95.91939546599497,
          23.0234375
        ],
        [
          486.3413098236776,
          21.37890625
        ],
        [
          486.3413098236776,
          71.33154296875
        ],
        [
          95.91939546599497,
          72.97607421875
        ]
      ]
    },
    {
      "title": "scape management practices like strategically\nplaced solar-pump fed interlinked water-\nholes are followed.",
      "heading_level": null,
      "page_id": 0,
      "polygon": [
        [
          162.98583984375,
          348.640625
        ],
        [
          287.041015625,
          348.640625
        ],
        [
          287.041015625,
          373.7197265625
        ],
        [
          162.98583984375,
          373.7197265625
        ]
      ]
    },
    {
      "title": "AN EXPRESS SERIES",
      "heading_level": null,
      "page_id": 0,
      "polygon": [
        [
          316.96533203125,
          431.1219946571683
        ],
        [
          406.90806045340054,
          431.1219946571683
        ],
        [
          406.90806045340054,
          441.1455078125
        ],
        [
          316.96533203125,
          441.1455078125
        ]
      ]
    }
  ],
  "page_stats": [
    {
      "page_id": 0,
      "text_extraction_method": "surya",
      "block_counts": [
        [
          "Line",
          213
        ],
        [
          "Span",
          211
        ],
        [
          "Text",
          17
        ],
        [
          "SectionHeader",
          4
        ],
        [
          "Picture",
          3
        ],
        [
          "Caption",
          1
        ],
        [
          "PageFooter",
          1
        ],
        [
          "PictureGroup",
          1
        ]
      ],
      "block_metadata": {
        "llm_request_count": 0,
        "llm_error_count": 0,
        "llm_tokens_used": 0,
        "previous_text": "",
        "previous_type": "",
        "previous_order": 0
      }
    }
  ],
  "debug_data_path": "debug_data/f7533acb"
}