{
  "table_of_contents": [
    {
      "title": "Doob-Meyer\nDecomposition",
      "heading_level": null,
      "page_id": 0,
      "polygon": [
        [
          73.4379746835443,
          71.2027833001988
        ],
        [
          191.9375,
          71.2027833001988
        ],
        [
          191.9375,
          108.79248046875
        ],
        [
          73.4379746835443,
          108.79248046875
        ]
      ]
    },
    {
      "title": "Further Reading",
      "heading_level": null,
      "page_id": 2,
      "polygon": [
        [
          301.24556962025315,
          71.2027833001988
        ],
        [
          385.9240506329114,
          71.2027833001988
        ],
        [
          385.9240506329114,
          82.192626953125
        ],
        [
          301.24556962025315,
          82.192626953125
        ]
      ]
    },
    {
      "title": "Related Articles",
      "heading_level": null,
      "page_id": 2,
      "polygon": [
        [
          301.24556962025315,
          133.41153081510936
        ],
        [
          382.17721518987344,
          133.41153081510936
        ],
        [
          382.17721518987344,
          144.228271484375
        ],
        [
          301.24556962025315,
          144.228271484375
        ]
      ]
    }
  ],
  "page_stats": [
    {
      "page_id": 0,
      "text_extraction_method": "surya",
      "block_counts": [
        [
          "Span",
          224
        ],
        [
          "Line",
          92
        ],
        [
          "TextInlineMath",
          8
        ],
        [
          "Equation",
          3
        ],
        [
          "Text",
          2
        ],
        [
          "SectionHeader",
          1
        ]
      ],
      "block_metadata": {
        "llm_request_count": 0,
        "llm_error_count": 0,
        "llm_tokens_used": 0,
        "previous_text": "",
        "previous_type": "",
        "previous_order": 0
      }
    },
    {
      "page_id": 1,
      "text_extraction_method": "surya",
      "block_counts": [
        [
          "Span",
          198
        ],
        [
          "Line",
          91
        ],
        [
          "TextInlineMath",
          8
        ],
        [
          "Text",
          6
        ],
        [
          "Equation",
          3
        ],
        [
          "PageHeader",
          1
        ]
      ],
      "block_metadata": {
        "llm_request_count": 0,
        "llm_error_count": 0,
        "llm_tokens_used": 0,
        "previous_text": "",
        "previous_type": "",
        "previous_order": 0
      }
    },
    {
      "page_id": 2,
      "text_extraction_method": "surya",
      "block_counts": [
        [
          "Span",
          32
        ],
        [
          "Line",
          21
        ],
        [
          "Text",
          4
        ],
        [
          "SectionHeader",
          2
        ],
        [
          "PageHeader",
          1
        ],
        [
          "ListItem",
          1
        ]
      ],
      "block_metadata": {
        "llm_request_count": 0,
        "llm_error_count": 0,
        "llm_tokens_used": 0,
        "previous_text": "",
        "previous_type": "",
        "previous_order": 0
      }
    }
  ],
  "debug_data_path": "debug_data/q8Ow8CDIdIYenbZRU6w6Yw"
}